<?xml version="1.0" encoding="UTF-8"?>
<application xmlns:xsi="http://www.w3.org/2001/XMLSchema-instance" xmlns="http://xmlns.jcp.org/xml/ns/javaee" xsi:schemaLocation="http://xmlns.jcp.org/xml/ns/javaee http://xmlns.jcp.org/xml/ns/javaee/application_8.xsd" id="Application_ID" version="8">
  <display-name>bakery1_EAR</display-name>
  <module>
    <ejb>bakery1_ejb.jar</ejb>
  </module>
  <module>
    <web>
      <web-uri>bakery1_web.war</web-uri>
      <context-root>bakery1_web</context-root>
    </web>
  </module>
</application>